[
  {
    "id": 1,
    "Name": "John Smith",
    "Post": "Financial Analyst",
    "Comment on us": "I've been using this tax platform for the past year, and it has simplified my tax filing process significantly. The user-friendly interface and free tax filing system are a game-changer. Thank you for making tax season stress-free!"
  },
  {
    "id": 2,
    "Name": "Emily Parker",
    "Post": "Small Business Owner",
    "Comment on us": "As a small business owner, managing taxes can be overwhelming. This platform has been a lifesaver. It not only simplifies tax information but also offers a free tax filing system that saves me time and money. Highly recommended!"
  },
  {
    "id": 3,
    "Name": "David Johnson",
    "Post": "Freelancer",
    "Comment on us": "I'm a freelancer, and tax season used to be a headache. Thanks to this platform, I can easily understand tax regulations and file my taxes for free. It's a fantastic resource for anyone looking to simplify their tax-related tasks."
  },
  {
    "id": 4,
    "Name": "Sarah Martinez",
    "Post": "Retiree",
    "Comment on us": "Even in retirement, managing taxes is important. This platform has been a valuable resource, simplifying tax information and offering a user-friendly free tax filing system. It's great to have a reliable partner in handling my finances."
  },
  {
    "id": 5,
    "Name": "Michael Turner",
    "Post": "College Student",
    "Comment on us": "Taxation can be confusing, especially for students like me. This platform has been a tremendous help in understanding taxes and providing a free filing system that fits my budget. I'm grateful for the support!"
  }
]
